{"cameraMode":{"drawMode":0,"name":"Shaded","section":"Shading Mode"},"sceneLighting":true,"audioPlay":false,"sceneViewState":{"showFog":true,"showMaterialUpdate":false,"showSkybox":true,"showFlares":true,"showImageEffects":true,"showParticleSystems":true},"in2DMode":false,"pivot":{"x":4.900000095367432,"y":2.990000009536743,"z":-11.170000076293946},"rotation":{"x":0.12683966755867005,"y":-0.09835294634103775,"z":0.01262162160128355,"w":0.9869917035102844},"size":10.0,"orthographic":false}