{"cameraMode":{"drawMode":0,"name":"Shaded","section":"Shading Mode"},"sceneLighting":false,"audioPlay":false,"sceneViewState":{"showFog":true,"showMaterialUpdate":false,"showSkybox":false,"showFlares":true,"showImageEffects":true,"showParticleSystems":true},"in2DMode":false,"pivot":{"x":0.5363598465919495,"y":-0.16849593818187715,"z":-0.9477864503860474},"rotation":{"x":-0.24168561398983003,"y":-0.366457462310791,"z":0.09918477386236191,"w":-0.8930196166038513},"size":1.3641018867492676,"orthographic":false}