{"cameraMode":{"drawMode":0,"name":"Shaded","section":"Shading Mode"},"sceneLighting":false,"audioPlay":false,"sceneViewState":{"showFog":true,"showMaterialUpdate":false,"showSkybox":false,"showFlares":true,"showImageEffects":true,"showParticleSystems":true},"in2DMode":false,"pivot":{"x":-3.299999952316284,"y":0.6600000262260437,"z":-45.290000915527347},"rotation":{"x":0.10564406961202622,"y":0.8724837303161621,"z":-0.42502304911613467,"w":0.21685509383678437},"size":0.5767286419868469,"orthographic":false}